#,Name,%Complete,AvgTime,Std,NoObs
0,std_end_baseline_1,100.0,84.44,6.179514544039847,0.0
1,kernel_end_1,100.0,158.39,3.765355228925951,0.0
