#,Name,%Complete,AvgTime,Std,NoObs
0,Kernel_Const_0.5_2,100.0,116.34,5.274883884977943,0.0
1,Kernel_Const_1_2,100.0,117.04,4.166341320631328,0.0
2,Kernel_Const_0_2,0.0,0.0,0.0,0.0
3,Kernel_Mag_0.5_2,100.0,126.84,7.78552503046519,0.0
4,Kernel_Mag_1_2,100.0,102.14,6.708233746672815,0.0
