#,Name,%Complete,AvgTime,Std,NoObs
0,Kernel_Const_0.5_2,100.0,116.2,4.613025037868319,0.0
1,Kernel_Const_1_2,100.0,116.29,4.99058112848594,0.0
2,Kernel_Const_0_2,100.0,146.32,1.9019989484749984,0.0
3,Kernel_Mag_0.5_2,100.0,127.18,7.918813042369418,0.0
4,Kernel_Mag_1_2,100.0,102.69,7.549430442092966,0.0
