#,Name,%Complete,AvgTime,Std,NoObs
0,Kernel_Const_0.5_1,100.0,101.29,5.732878857956097,0.0
1,Kernel_Const_1_1,100.0,112.17,3.249784608247137,0.0
2,Kernel_Const_0_1,87.0,146.73563218390805,2.3413316287416017,0.0
3,Kernel_Mag_0.5_1,100.0,125.08,4.446751623376327,0.0
4,Kernel_Mag_1_1,100.0,125.57,4.000637449207313,0.0
