#,Name,%Complete,AvgTime,Std,NoObs
0,Kernel_Const_0.5_2,100.0,95.06,6.042880108027959,0.0
1,Kernel_Const_1_2,100.0,95.65,5.28464757576132,0.0
2,Kernel_Const_0_2,99.0,122.83838383838383,5.496935915464969,0.0
3,Kernel_Mag_0.5_2,100.0,122.39,5.989816357785938,0.0
4,Kernel_Mag_1_2,100.0,123.58,5.858634653227662,0.0
