#,Name,%Complete,AvgTime,Std,NoObs
0,Kernel_Const_0.5_1,100.0,82.06,3.895689926059311,0.0
1,Kernel_Const_1_1,100.0,104.03,3.840455702127027,0.0
2,Kernel_Const_0_1,98.0,154.03061224489795,2.764402292235964,0.0
3,Kernel_Mag_0.5_1,100.0,87.8,3.9547439866570375,0.0
4,Kernel_Mag_1_1,100.0,133.83,3.6525470565072804,0.0
