#,Name,%Complete,AvgTime,Std,NoObs
0,Kernel_Const_0.5_1,100.0,101.58,5.681865890708791,0.0
1,Kernel_Const_1_1,100.0,112.54,3.3627964553329726,0.0
2,Kernel_Const_0_1,98.0,144.1122448979592,2.276242217757711,0.0
3,Kernel_Mag_0.5_1,100.0,125.55,4.513036671687923,0.0
4,Kernel_Mag_1_1,100.0,124.72,4.490167034754943,0.0
