#,Name,%Complete,AvgTime,Std,NoObs
0,Kernel_Const_0.5_1,100.0,81.98,3.9899373428664267,0.0
1,Kernel_Const_1_1,100.0,104.85,3.8219759287572708,0.0
2,Kernel_Const_0_1,0.0,0.0,0.0,0.0
3,Kernel_Mag_0.5_1,100.0,87.63,3.012158694358582,0.0
4,Kernel_Mag_1_1,95.0,132.81052631578947,5.315904115491263,0.0
