#,Name,%Complete,AvgTime,Std,NoObs
0,Kernel_Const_0.5_1,100.0,101.82,5.755658085744844,0.0
1,Kernel_Const_1_1,100.0,112.06,3.8231400706748904,0.0
2,Kernel_Const_0_1,0.0,0.0,0.0,0.0
3,Kernel_Mag_0.5_1,100.0,125.92,4.4647060373556515,0.0
4,Kernel_Mag_1_1,100.0,125.97,4.52206811094216,0.0
