#,Name,%Complete,AvgTime,Std,NoObs
0,std_sap_baseline_3,88.0,47.23863636363637,5.4167130216283095,60.0
1,kernel_sap_3,100.0,116.39,9.50988433157838,121.0
