#,Name,%Complete,AvgTime,Std,NoObs
0,std_sap_baseline_2,99.0,168.2020202020202,3.618079735065115,179.0
1,kernel_sap_2,100.0,117.45,9.400398927705142,71.0
